zip,description,url
89101,,https://www.seevegashomes.com/zip/89101/
89102,,https://www.seevegashomes.com/zip/89102/
89103,,https://www.seevegashomes.com/zip/89103/
89104,,https://www.seevegashomes.com/zip/89104/
89106,,https://www.seevegashomes.com/zip/89106/
89107,,https://www.seevegashomes.com/zip/89107/
89108,,https://www.seevegashomes.com/zip/89108/
89110,,https://www.seevegashomes.com/zip/89110/
89113,Nevada Trails,https://www.seevegashomes.com/zip/89113/
89115,,https://www.seevegashomes.com/zip/89115/
89117,The Lakes  Peccole Ranch ,https://www.seevegashomes.com/zip/89117/
89118,,https://www.seevegashomes.com/zip/89118/
89119,,https://www.seevegashomes.com/zip/89119/
89120,,https://www.seevegashomes.com/zip/89120/
89121,,https://www.seevegashomes.com/zip/89121/
89122,,https://www.seevegashomes.com/zip/89122/
89123,,https://www.seevegashomes.com/zip/89123/
89129,,https://www.seevegashomes.com/zip/89129/
89130,,https://www.seevegashomes.com/zip/89130/
89141,Southern Highlands,https://www.seevegashomes.com/zip/89141/
89148,,https://www.seevegashomes.com/zip/89148/
89161,,https://www.seevegashomes.com/zip/89161/
89178,Mountains Edge,https://www.seevegashomes.com/zip/89178/
89179,,https://www.seevegashomes.com/zip/89179/
89109,Las Vegas Stripù,https://www.seevegashomes.com/zip/89109/
89158,Las Vegas Stripù,https://www.seevegashomes.com/zip/89158/
89124,Mount Charlestonù,https://www.seevegashomes.com/zip/89124/
89128,Summerlinù,https://www.seevegashomes.com/zip/89128/
89134,Summerlinù,https://www.seevegashomes.com/zip/89134/
89135,Summerlinù,https://www.seevegashomes.com/zip/89135/
89138,Summerlinù,https://www.seevegashomes.com/zip/89138/
89144,Summerlinù,https://www.seevegashomes.com/zip/89144/
89002,Hendersonù,https://www.seevegashomes.com/zip/89002/
89005,Boulder City,https://www.seevegashomes.com/zip/89005/
89011,Lake Las Vegas,https://www.seevegashomes.com/zip/89011/
89012,,https://www.seevegashomes.com/zip/89012/
89015,Cadence,https://www.seevegashomes.com/zip/89014/
89044,Anthem Inspirada,https://www.seevegashomes.com/zip/89015/
89074,,https://www.seevegashomes.com/zip/89074/
89052,,https://www.seevegashomes.com/zip/89052/
89030,North Las Vegasù,https://www.seevegashomes.com/zip/89030/
89031,North Las Vegasù,https://www.seevegashomes.com/zip/89031/
89032,North Las Vegasù,https://www.seevegashomes.com/zip/89032/
89081,North Las Vegasù,https://www.seevegashomes.com/zip/89081/
89085,North Las Vegasù,https://www.seevegashomes.com/zip/89085/
89086,North Las Vegasù,https://www.seevegashomes.com/zip/89086/
89084,Aliante Valley Vista,https://www.seevegashomes.com/zip/89084/
89131,Centennial Hillsù,https://www.seevegashomes.com/zip/89131/
89143,Centennial Hillsù,https://www.seevegashomes.com/zip/89143/
89149,Centennial Hillsù,https://www.seevegashomes.com/zip/89149/
89166,Providenceù Skye Canyonù,https://www.seevegashomes.com/zip/89166/
